,timestamp,Elevation,Azimuth,faltu,rangerate,range,power,x,y,z
0,1,-0.767944870877505,0.7853981633974483,-26,-3,91,185,46.28715462251221,-44.69898563671941,-63.21391171176875
1,1,0.6632251157578452,0.0,6,-7,159,172,125.2937098234688,97.89017457677966,97.89017457677966
2,1,0.017453292519943295,0.19198621771937624,-29,15,182,59,178.62893719088726,3.117979696725438,3.1763379715855993
3,1,-0.767944870877505,-0.8203047484373349,-39,11,77,179,37.77531944021568,-36.47920194816772,-53.48869452534279
4,1,-0.41887902047863906,0.5585053606381855,-10,-9,184,129,142.55040944353317,-63.46753138673781,-74.83954232594724
5,1,0.6981317007977318,0.8203047484373349,27,12,148,48,77.32127598343567,64.88025415985754,95.1325662336078
6,1,-0.4886921905584123,-0.5235987755982988,-44,-4,137,185,104.75774125078262,-55.70067906259387,-64.31760410166704
7,1,-0.5759586531581288,-0.7504915783575616,-9,0,21,0,12.880661310424697,-8.364799260395195,-11.437419735315569
8,1,-0.5061454830783556,-0.13962634015954636,-6,1,149,134,129.05008727256484,-71.53363146595248,-72.23663341670422
9,1,-0.24434609527920614,0.6108652381980153,55,3,175,63,139.09345235517455,-34.679892684278784,-42.336331729941854
10,1,-0.05235987755982988,-0.2792526803190927,50,-7,112,14,107.51376386153491,-5.634557606344333,-5.861627099209708
11,1,-0.13962634015954636,0.20943951023931953,-30,18,109,47,105.58048857199243,-14.838369992194117,-15.169868004647133
12,1,-0.12217304763960307,1.0471975511965976,-9,13,98,171,48.63476143042479,-5.971597826852228,-11.943195653704453
13,1,0.05235987755982988,-0.6108652381980153,-59,-10,81,1,66.26038341540749,3.4725595492443593,4.23921245567845
14,1,-0.29670597283903605,0.9250245035569946,-46,-8,143,23,82.29915534559406,-25.161376847280625,-41.809153775351355
15,1,-0.5585053606381855,0.8552113334772214,34,13,3,53,1.6691088315048994,-1.0429749538086013,-1.5897577926996147
16,1,-0.6457718232379019,0.05235987755982988,-19,-7,34,119,27.116394266458332,-20.43366872367386,-20.46171078716964
17,1,-0.3141592653589793,-1.0297442586766543,49,8,150,32,73.4745475924978,-23.873327684604604,-46.35254915624211
18,1,0.2792526803190927,0.2792526803190927,58,14,80,164,73.92192384625704,21.196770569328198,22.050988465359932
19,1,1.0297442586766543,-1.0471975511965976,-4,8,33,39,8.4981282360159,14.143260461584855,28.286520923169704
20,1,-0.8726646259971648,0.8552113334772214,19,-10,24,26,10.120958761393926,-12.061688964389054,-18.385066634855473
21,1,0.4363323129985824,-0.5410520681182421,13,4,174,122,135.17318749899476,63.03229250800278,73.5355775428817
22,1,0.017453292519943295,-0.7853981633974483,-9,0,40,196,28.27996341595297,0.49362859759307703,0.6980962574913405
23,1,0.2617993877991494,0.9250245035569946,-9,13,55,140,31.97197704312244,8.56686542913105,14.235047480638642
24,1,-0.7330382858376184,0.0,36,13,103,100,76.5439170241716,-68.9204524549624,-68.9204524549624
25,1,-0.22689280275926285,0.06981317007977318,-56,4,10,120,9.719965482790867,-2.244030848814838,-2.24951054343865
26,1,-0.9250245035569946,1.0471975511965976,-4,15,2,21,0.6018150231520485,-0.798635510047293,-1.5972710200945857
27,1,-0.13962634015954636,0.6457718232379019,23,15,182,161,143.93711043766083,-20.229041645559153,-25.32950437473191
28,1,0.017453292519943295,0.6283185307179586,-13,-2,34,197,27.502388423716837,0.48005597561703706,0.5933818188676394
29,1,0.19198621771937624,0.4886921905584123,-12,8,11,152,9.533978945810036,1.8532177747990541,2.0988989491419927
30,1,-0.13962634015954636,0.20943951023931953,41,14,52,167,50.36867344718905,-7.07885540912013,-7.237001249923403
31,1,0.22689280275926285,0.715584993317675,29,-4,65,114,47.79881746742051,11.035226526644344,14.621818532351226
32,1,0.9773843811168246,0.8203047484373349,-56,-7,59,105,22.500749944412544,33.35873362985125,48.91321678074746
33,1,0.4363323129985824,0.24434609527920614,-60,17,49,13,43.08994205016355,20.093169967446364,20.708294825294274
34,1,0.6283185307179586,0.29670597283903605,23,6,168,115,129.97602229511466,94.43310781837376,98.74792238513548
35,1,-0.4537856055185257,0.3316125578789226,12,5,84,105,71.38542317877052,-34.816997232851186,-36.8231763302825
36,1,0.8552113334772214,0.13962634015954636,-19,-1,67,78,43.52817861046627,50.073441497353706,50.56554187492573
37,1,0.8552113334772214,-0.8203047484373349,10,-10,116,131,51.90201709758365,59.70644074010491,87.54631130584156
38,1,-0.29670597283903605,-0.9250245035569946,-61,10,170,133,97.83815670455239,-29.912126321942004,-49.70318980286525
39,1,-0.5934119456780721,0.03490658503988659,-10,14,61,193,50.54048526120688,-34.08998775403319,-34.11076711171556
40,1,0.8726646259971648,0.19198621771937624,55,-8,190,77,119.88578026181426,142.87430932797716,145.5484441926058
41,1,-0.17453292519943295,0.20943951023931953,-10,3,136,167,131.00707834784006,-23.10008257651195,-23.616152162702527
42,1,0.9773843811168246,0.5585053606381855,-23,17,148,83,70.18492662153753,104.0534327870223,122.69756073814618
43,1,0.4363323129985824,-0.2617993877991494,-9,17,129,86,112.9299666504615,52.66010828429879,54.51775576455023
44,1,0.08726646259971647,0.8028514559173915,13,-1,52,37,35.98477925308785,3.148260244128054,4.532098622878225
45,1,0.3141592653589793,-1.0471975511965976,-10,11,1,78,0.4755282581475769,0.15450849718747373,0.3090169943749474
46,1,-0.5934119456780721,0.5934119456780721,2,15,87,83,59.79538681359216,-40.33249767365525,-48.64978260195498
47,1,0.17453292519943295,0.6108652381980153,15,-5,125,139,100.83841051394984,17.780532465365503,21.706022208366292
48,1,0.24434609527920614,-0.2617993877991494,-20,1,193,16,180.88610432154346,45.09997113257367,46.69092585073587
49,1,-0.7504915783575616,0.08726646259971647,33,0,146,75,106.37131927748736,-99.19285995862282,-99.57176056912478
50,1,-0.8726646259971648,-0.6632251157578452,-52,19,70,141,35.45664841027074,-42.25558812428993,-53.62311101832846
51,1,0.3490658503988659,-0.2617993877991494,-43,0,99,145,89.8596637478465,32.70624286538586,33.8599941892412
52,1,0.5410520681182421,0.3316125578789226,-61,13,148,153,119.94920557110552,72.07275391131856,76.22563508668802
53,1,-0.5585053606381855,-0.10471975511965977,5,-9,165,175,139.16139599223584,-86.95769132446569,-87.4366785984788
54,1,-0.9250245035569946,-0.6283185307179586,35,-4,4,95,1.9475143248006384,-2.584438799758256,-3.1945420401891713
55,1,-0.12217304763960307,0.4537856055185257,-36,10,63,157,56.20195802165934,-6.900732737572918,-7.677768634524291
56,1,-1.0297442586766543,-0.8028514559173915,19,11,147,57,52.59299994667954,-87.52945072652061,-126.0035932032105
57,1,0.29670597283903605,0.6806784082777885,-5,15,34,96,25.26840488663808,7.725326645365205,9.94063796057305
58,1,-0.7504915783575616,0.15707963267948966,-23,3,132,76,95.35013716012621,-88.91544136711293,-90.0237835282498
59,1,-0.6632251157578452,0.9773843811168246,-35,5,167,30,73.58855355301085,-57.493679166387196,-102.81546637938492
60,1,-0.3141592653589793,-0.17453292519943295,-34,-10,34,10,31.844666247208448,-10.346959283681255,-10.506577808748212
61,1,-0.6108652381980153,-0.7853981633974483,-15,1,65,69,37.649817747072,-26.362686198721523,-37.282468362817994
62,1,-0.13962634015954636,-0.8552113334772214,9,-6,140,138,90.95440306664594,-12.782807726844172,-19.48423413440916
63,1,0.7330382858376184,-1.0297442586766543,-55,19,85,66,32.53356982492586,29.293357845809417,56.87610154050295
64,1,0.7330382858376184,-0.13962634015954636,0,-10,149,58,109.6509760769978,98.73018232093452,99.70046034746987
65,1,0.9250245035569946,0.40142572795869574,-46,6,23,176,12.741393942917226,16.908400852173962,18.368616731087734
66,1,0.5759586531581288,1.0471975511965976,-59,9,165,31,69.1903218554975,44.93272038873974,89.86544077747946
67,1,-0.6457718232379019,-0.4886921905584123,-43,14,165,4,116.35029469270657,-87.67623579634267,-99.29947882008797
68,1,-0.2617993877991494,-0.767944870877505,9,0,72,177,50.0276801537802,-13.404876496407908,-18.634971247381493
69,1,-0.24434609527920614,-0.9075712110370514,51,12,5,192,2.9868684917063053,-0.7447099557923565,-1.2096094779983386
70,1,-0.5585053606381855,0.3316125578789226,60,10,109,104,87.40112984301146,-54.61428736114555,-57.76119980141934
71,1,0.3141592653589793,0.5410520681182421,20,-1,175,67,142.66254570537748,46.35387101440436,54.077974015615794
72,1,0.8203047484373349,0.6806784082777885,42,-9,24,54,12.720294509828348,13.640845814638677,17.552488838860093
73,1,0.24434609527920614,0.24434609527920614,-55,-5,152,136,143.10401705727844,35.6798387717277,36.77212813114949
74,1,-0.6283185307179586,0.15707963267948966,32,17,174,40,139.03585756761765,-101.01546344057022,-102.27463389889033
75,1,-0.2617993877991494,0.017453292519943295,-13,8,188,94,181.56639768814566,-48.65056963316668,-48.6579804792739
76,1,-0.05235987755982988,0.08726646259971647,0,14,97,39,96.4984564443923,-5.057269806491877,-5.076587755565551
77,1,0.5235987755982988,0.7330382858376184,60,17,112,119,72.08121732609018,41.61611022673407,55.99999999999999
78,1,-0.24434609527920614,0.6108652381980153,-41,12,149,16,118.42813943383433,-29.527451485471644,-36.04636244435049
79,1,-0.08726646259971647,0.9424777960769379,13,-7,94,3,55.04156388332639,-4.815512862528993,-8.192639818279867
80,1,0.10471975511965977,0.8028514559173915,-59,-1,119,154,82.21150214745587,8.640777063250866,12.43888712885076
81,1,0.715584993317675,0.7330382858376184,-40,7,182,28,102.07625050910005,88.7335308135675,119.4027432762723
82,1,0.6981317007977318,-1.0122909661567112,37,-8,23,150,9.336659276353512,7.834387355216161,14.784115022790402
83,1,-0.15707963267948966,-0.20943951023931953,-27,-4,96,39,92.74607814008525,-14.68953567851311,-15.017708643862164
84,1,0.6981317007977318,0.5235987755982988,58,9,109,19,72.31212035041429,60.67707351567971,70.06384945583278
85,1,-0.767944870877505,0.22689280275926285,20,-6,154,19,107.93908785021974,-104.23556549987183,-106.97738905068557
86,1,0.15707963267948966,-0.06981317007977318,3,13,4,116,3.9411295257539614,0.6242135941830463,0.6257378601609235
87,1,-0.7504915783575616,0.03490658503988659,33,-4,176,19,128.63983980402014,-119.95859129558083,-120.03171137099973
88,1,0.5410520681182421,-0.9948376736367678,44,-4,5,64,2.3342338575041706,1.402549200575046,2.575190374550271
89,1,0.8552113334772214,0.47123889803846897,41,-4,189,18,110.48049339073,127.09326921088535,142.64011066210392
90,1,0.5410520681182421,-0.03490658503988659,3,16,175,187,149.91289906992174,90.07675733536935,90.13166310925948
91,1,-0.6283185307179586,-0.5934119456780721,-9,-2,112,77,75.11901433930682,-54.57715857935092,-65.83194825675699
92,1,0.2792526803190927,0.05235987755982988,42,13,92,128,88.31487745768939,25.323883604846994,25.358636735163923
93,1,-0.12217304763960307,-0.4537856055185257,23,-8,39,41,34.79168829912245,-4.271882170878473,-4.752904392800752
94,1,-0.13962634015954636,0.08726646259971647,40,-1,139,146,137.12347216801675,-19.271447235783214,-19.345061033449095
95,1,0.5410520681182421,0.9075712110370514,0,-9,22,112,11.609947468925842,6.975960223056238,11.330837648021191
96,1,-0.9250245035569946,-0.7504915783575616,-18,1,168,163,73.94346033854261,-98.12628613495713,-134.1707656879452
97,1,0.4363323129985824,0.3665191429188092,22,7,90,150,76.15000893234698,35.50933233372494,38.03564355666295
98,1,0.8726646259971648,0.9948376736367678,54,11,61,172,21.35532063101686,25.450280083015592,46.72871103025766
99,1,0.40142572795869574,-0.3490658503988659,34,13,160,93,138.39865890989958,58.746745304435386,62.51698055828379
100,2,0.6283185307179586,-0.7504915783575616,-20,3,136,104,80.46814999721495,58.46353312289113,79.93879431177635
101,2,0.6632251157578452,0.5759586531581288,-31,11,184,150,121.60218243449901,95.00603728792169,113.2817114599211
102,2,0.8028514559173915,0.20943951023931953,52,6,139,69,94.44750015678316,97.80324947408852,99.9882322470725
103,2,0.5759586531581288,0.22689280275926285,-32,14,15,109,12.257632434336793,7.960199577482399,8.169585525225406
104,2,0.4886921905584123,-0.8028514559173915,15,17,12,32,7.360163232672918,3.9134682093802295,5.63365875343069
105,2,-0.5759586531581288,-0.8028514559173915,-48,0,149,166,86.80583998205263,-56.37237161823303,-81.15121621723904
106,2,-0.06981317007977318,-0.29670597283903605,37,-6,54,72,51.514663264625796,-3.602256170438752,-3.7668495821827666
107,2,0.6457718232379019,-0.6981317007977318,-51,-5,131,95,80.14452858594774,60.39323410952008,78.83776803291832
108,2,-0.12217304763960307,0.3490658503988659,-35,-6,120,169,111.92259533841619,-13.742366723740908,-14.624321208617697
109,2,0.15707963267948966,0.17453292519943295,-26,19,184,133,178.97369690952516,28.34664881782833,28.78394156740248
110,2,0.19198621771937624,-0.08726646259971647,-34,14,75,82,73.34188467399721,14.256218215674474,14.310674653240861
111,2,0.7504915783575616,0.7330382858376184,48,8,77,75,41.84963235930591,39.025413524367615,52.513873724812385
112,2,-0.4363323129985824,-0.4886921905584123,-41,12,93,95,74.42067194265793,-34.70292925190223,-39.303498341885046
113,2,0.3141592653589793,-0.17453292519943295,-44,-8,173,72,162.033154728443,52.64776341402521,53.4599400268659
114,2,0.2617993877991494,0.19198621771937624,21,-2,35,131,33.18626668978235,8.892233359331048,9.058666578588227
115,2,-0.6632251157578452,0.9424777960769379,21,-3,117,189,54.192188655295354,-42.33957806532264,-72.032392613102
116,2,-0.6108652381980153,0.8203047484373349,47,6,101,178,56.42469543554049,-39.50899708515245,-57.93122007145565
117,2,0.2617993877991494,0.40142572795869574,15,10,135,9,120.03382050850973,32.162965269677514,34.9405710888403
118,2,-0.9599310885968813,0.10471975511965977,-1,14,88,78,50.19822056642115,-71.69048864393538,-72.08537989743128
119,2,0.3316125578789226,0.19198621771937624,32,-9,2,47,1.8562934725260092,0.6391731009600654,0.6511363089143133
120,2,0.2792526803190927,-0.6632251157578452,-37,15,11,130,8.332330087725934,2.3892572052746943,3.0320109139869906
121,2,0.5759586531581288,0.6806784082777885,-5,3,161,19,104.93488062432927,68.14550826871375,87.68688463741935
122,2,0.9075712110370514,0.8028514559173915,21,17,182,58,77.83674029114692,99.62648441283937,143.4179571564234
123,2,0.5410520681182421,0.9075712110370514,28,6,174,172,91.82412998150438,55.17350358235389,89.61662503434943
124,2,0.20943951023931953,-0.12217304763960307,42,-5,103,32,99.99823359508972,21.255280706047962,21.41490415422921
125,2,-0.22689280275926285,-0.29670597283903605,-35,-9,64,70,59.63486252941641,-13.76779284018799,-14.39686747800736
126,2,0.017453292519943295,0.22689280275926285,8,-9,140,109,136.39103289068615,2.380714334733587,2.4433369012196917
127,2,0.6981317007977318,0.6108652381980153,-4,12,151,193,94.7535376111671,79.50765846227284,97.06092906266743
128,2,-0.10471975511965977,0.4363323129985824,-53,-9,50,156,45.06714690753572,-4.736748011322438,-5.226423163382673
129,2,0.7330382858376184,-0.5585053606381855,18,4,99,111,62.39203288704575,56.17803874345984,66.24393002952696
130,2,-0.3839724354387525,0.6806784082777885,20,0,41,80,29.542844712292137,-11.93608404954151,-15.358870330052392
131,2,-0.890117918517108,-0.7504915783575616,-56,1,85,179,39.12174278739142,-48.31132892684531,-66.05740672384252
132,2,-0.20943951023931953,-0.5410520681182421,59,-3,106,196,88.87423069257984,-18.890800897083118,-22.038639226682488
133,2,-0.9599310885968813,0.9948376736367678,38,-4,195,24,60.91646277631043,-86.99772489176794,-159.7346486363534
134,2,0.8028514559173915,-0.6108652381980153,-49,8,17,48,9.673524012147107,10.0172273557593,12.22877660575707
135,2,-0.5759586531581288,0.9250245035569946,9,-3,71,95,35.835442855816204,-23.271808696162523,-38.66937148606692
136,2,-0.5585053606381855,0.7504915783575616,18,7,111,187,68.84476568453526,-43.018984115645054,-58.821038329885745
137,2,0.29670597283903605,-0.10471975511965977,36,5,106,32,100.81299795570551,30.821626564888387,30.991400700610097
138,2,0.9599310885968813,0.6981317007977318,15,11,112,99,49.211124678318974,70.2807696188789,91.74502896036708
139,2,0.5235987755982988,-0.15707963267948966,-13,1,59,24,50.4664284446481,29.13680604755656,29.499999999999996
140,2,-0.890117918517108,-0.03490658503988659,-31,5,3,33,1.8868110782138334,-2.330017635405097,-2.3314378843709123
141,2,-1.0297442586766543,0.9075712110370514,33,-2,175,169,55.49059268340192,-92.35185486645555,-150.00427762286964
142,2,-0.7504915783575616,-0.715584993317675,-8,5,176,65,97.14489754523395,-90.58908250222814,-120.03171137099973
143,2,-0.9948376736367678,-0.3316125578789226,17,14,23,88,11.844225465873484,-18.238507818419027,-19.28942306274475
144,2,-0.8028514559173915,0.8726646259971648,26,9,88,190,39.29356582765552,-40.689678551462514,-63.301902429801295
145,2,-0.5585053606381855,-0.6283185307179586,-27,18,76,13,52.14248445967798,-32.58224047126116,-40.27386408172357
146,2,-0.20943951023931953,-0.7330382858376184,-36,5,157,97,114.12413650203759,-24.25783405843337,-32.64213545838821
147,2,0.3665191429188092,0.5410520681182421,-36,15,44,116,35.21032302343306,13.515976670675418,15.768189779993211
148,2,-0.8726646259971648,-0.8552113334772214,60,-5,173,71,72.95524440504788,-86.94467461830443,-132.5256886595832
149,2,0.2792526803190927,-0.7504915783575616,25,-5,192,124,134.98028151344855,38.70497289240629,52.92237231686384
150,2,-0.6283185307179586,-0.6632251157578452,-30,-5,30,53,19.125422742541428,-13.89543298853727,-17.633557568774194
151,2,-0.5934119456780721,0.47123889803846897,-53,7,50,111,36.93389429719147,-24.912226263613586,-27.959645173537346
152,2,0.4363323129985824,-0.40142572795869574,56,11,19,40,15.850953617090562,7.391421060709005,8.029746973073289
153,2,-0.715584993317675,-0.05235987755982988,-21,9,92,81,69.33812548148717,-60.274712906094145,-60.35743066712666
154,2,0.9075712110370514,-0.10471975511965977,-11,9,0,183,0.0,0.0,0.0
155,2,-0.17453292519943295,-0.8377580409572781,8,3,32,135,21.08688028543883,-3.7181859332922826,-5.556741685341771
156,2,-0.9599310885968813,0.6632251157578452,-55,18,135,179,61.01789398110619,-87.14258366471847,-110.5855259790139
157,2,0.17453292519943295,-0.3665191429188092,8,0,47,119,43.211670377519745,7.619383369037471,8.161464350345726
158,2,0.12217304763960307,-1.0471975511965976,-57,12,9,130,4.46645768238595,0.5484120453231638,1.0968240906463274
159,2,-0.3665191429188092,-0.08726646259971647,2,-10,94,152,87.42261988516184,-33.5583996224856,-33.686587257258225
160,2,-0.3490658503988659,0.5759586531581288,-4,8,152,2,119.79006668323355,-43.600018633460515,-51.987061785501645
161,2,0.5410520681182421,0.715584993317675,19,-9,29,98,18.76045883711376,11.272420910109238,14.93610417239157
162,2,0.9424777960769379,0.5585053606381855,-23,2,39,162,19.440336402062798,26.75732755167686,31.55166278062295
163,2,-0.06981317007977318,0.2617993877991494,-52,-8,63,40,60.70509140997989,-4.2449135110392735,-4.394657845879894
164,2,-0.05235987755982988,0.03490658503988659,36,-8,74,100,73.85356855018107,-3.8705015198428425,-3.8728607619778432
165,2,-0.6981317007977318,-0.8726646259971648,-58,-8,81,117,39.88471399699443,-33.46724880448932,-52.065796384609676
166,2,0.3490658503988659,-0.20943951023931953,9,-6,175,13,160.8526644285747,58.54558195441116,59.853525081992025
167,2,-0.6806784082777885,0.5235987755982988,38,6,124,161,83.45548998870717,-67.58092327532083,-78.03572849017984
168,2,0.767944870877505,0.5235987755982988,55,-10,38,80,23.672728559766924,22.86048823922175,26.397018077441896
169,2,1.0471975511965976,-0.4537856055185257,-22,12,7,5,3.1457791620470856,5.448649338056999,6.06217782649107
170,2,-0.6283185307179586,-0.8028514559173915,35,-1,42,142,23.603597933417745,-17.149017712567442,-24.68698059628387
171,2,0.0,-0.9075712110370514,-3,-6,186,9,114.51303441057244,0.0,0.0
172,2,-0.5934119456780721,0.9424777960769379,-34,-7,64,92,31.186947759629096,-21.035861878189667,-35.7883458221278
173,2,0.8203047484373349,0.5934119456780721,-34,5,158,19,89.33355785621181,95.7985122001812,115.55388485582893
174,2,-0.2792526803190927,-0.29670597283903605,26,-6,99,18,91.00665402353985,-26.095738114598305,-27.288098225882916
175,2,-0.9599310885968813,-0.3839724354387525,56,16,90,102,47.86297300301801,-68.35540949101181,-73.72368398600926
176,2,0.9250245035569946,-0.767944870877505,35,-4,147,19,63.637696293464295,84.45007532609414,117.39941997695205
177,2,-0.5410520681182421,0.8028514559173915,-47,10,29,116,17.267714769177534,-10.37548978539936,-14.93610417239157
178,2,-0.29670597283903605,0.9424777960769379,23,-10,179,25,100.61622797314823,-30.761467944030535,-52.334535145369884
179,2,-0.41887902047863906,-0.5934119456780721,-1,4,146,40,110.57507225891514,-49.23119404973317,-59.38354988906682
180,2,0.6108652381980153,-0.12217304763960307,-35,-2,49,117,39.83926424923987,27.895753144046346,28.105245381201257
181,2,-0.41887902047863906,-0.03490658503988659,-5,-1,126,72,115.03660775455512,-51.21759763291433,-51.24881702755082
182,2,-0.47123889803846897,-0.41887902047863906,35,15,135,45,109.88661999179776,-55.99002944474424,-61.28871746483881
183,2,-0.6806784082777885,-0.4886921905584123,27,3,166,5,113.90573989076583,-92.23904945280576,-104.467184914273
184,2,0.7330382858376184,-0.06981317007977318,-15,-3,50,181,37.06672810164298,33.37503189160773,33.456530317942914
185,2,-0.41887902047863906,0.715584993317675,-46,3,125,58,86.18268860648345,-38.37100514461958,-50.84208038447502
186,2,0.6283185307179586,-0.6981317007977318,-21,18,111,91,68.7914699952018,49.97992851551884,65.24416300446453
187,2,0.06981317007977318,-0.4363323129985824,-16,3,189,17,170.87491262865845,11.948737881247974,13.183973537639682
188,2,-0.6981317007977318,0.9424777960769379,38,7,80,17,36.02157010127485,-30.22568618640626,-51.42300877492314
189,2,0.7504915783575616,-0.40142572795869574,31,0,168,41,113.10005816438354,105.46751048133466,114.57572449049974
190,2,-0.5061454830783556,-0.017453292519943295,-51,1,9,176,7.870378484895145,-4.3626220325365095,-4.363286582217033
191,2,0.0,0.17453292519943295,-27,-8,6,19,5.908846518073248,0.0,0.0
192,2,-0.22689280275926285,0.2617993877991494,-13,15,0,61,0.0,-0.0,-0.0
193,2,0.22689280275926285,-0.6457718232379019,-12,6,160,190,124.50664538633121,28.744624003454227,35.9921686950184
194,2,0.5235987755982988,-0.890117918517108,-15,-9,131,153,71.39597539570184,41.220485613764346,65.49999999999999
195,2,0.20943951023931953,0.29670597283903605,4,6,123,93,115.05508592171519,24.455713466168746,25.573137970584394
196,2,0.6283185307179586,0.5934119456780721,41,5,25,58,16.767637129309556,12.182401468605116,14.694631307311829
197,2,-0.017453292519943295,-0.5235987755982988,-26,-9,80,47,69.27148031366033,-1.2091381865486872,-1.396192514982681
198,2,0.9424777960769379,-0.5061454830783556,50,8,61,153,31.35940247847482,43.16251460815165,49.350036656871794
199,2,0.3665191429188092,0.24434609527920614,31,5,55,135,49.821700388083634,19.124758943295323,19.710237224991516
200,3,0.7504915783575616,-0.06981317007977318,-5,18,33,195,24.07588130507125,22.45112252903863,22.50594588206245
201,3,-0.41887902047863906,0.4537856055185257,-1,-4,51,60,41.87555013599369,-18.644196133620163,-20.74356879686581
202,3,1.0122909661567112,-0.6457718232379019,42,-10,198,20,83.7960436912048,134.10170211606751,167.91352303897233
203,3,-0.3141592653589793,0.05235987755982988,-53,2,129,168,122.51815330471442,-39.80856115478446,-39.86319227436822
204,3,-0.24434609527920614,-0.6283185307179586,2,11,155,162,121.67278847963281,-30.336433351987615,-37.4978938179485
205,3,0.9424777960769379,-0.24434609527920614,37,-2,47,197,26.805299358569915,36.89432940995318,38.02379873562253
206,3,-0.5410520681182421,0.3316125578789226,-47,8,157,90,127.24341401799708,-76.45555651403387,-80.8609777608785
207,3,0.6108652381980153,1.0297442586766543,48,10,57,68,24.04798604110656,16.838581104744687,32.693856872009626
208,3,0.06981317007977318,-0.9250245035569946,-42,-5,78,190,46.82722449621585,3.27447852118343,5.441004952041774
209,3,0.9424777960769379,0.03490658503988659,50,1,27,84,15.86053411375147,21.83015240318381,21.843458848123582
210,3,-0.5934119456780721,-0.05235987755982988,27,18,167,0,138.2595346975753,-93.25723368818556,-93.38521487961474
211,3,1.0471975511965976,0.715584993317675,19,-9,165,171,62.26354036837871,107.84361537714771,142.89419162443238
212,3,-0.22689280275926285,-0.17453292519943295,2,-3,131,127,125.70330242755944,-29.020894049960255,-29.468588119046316
213,3,-0.4886921905584123,-0.20943951023931953,54,-10,57,65,49.228224963132966,-26.17511151685085,-26.759879078795777
214,3,-0.8552113334772214,1.0297442586766543,12,3,133,102,44.94008544937785,-51.697654518776865,-100.37637416962868
215,3,0.9250245035569946,0.017453292519943295,-7,-9,26,27,15.644807459035711,20.7613607237617,20.764523261229613
216,3,-0.3490658503988659,1.0122909661567112,30,1,174,152,86.64525266492987,-31.536292910508816,-59.511504938666356
217,3,-0.03490658503988659,0.6457718232379019,-49,10,16,174,12.7703840459677,-0.4459516375903308,-0.5583919472400155
218,3,0.4537856055185257,-0.47123889803846897,24,-10,82,122,65.66817145064603,32.028507248010385,35.946434036704346
219,3,0.5061454830783556,0.41887902047863906,-40,-10,93,65,74.3074520378364,41.18929325496522,45.087294682909345
220,3,0.5934119456780721,-0.9424777960769379,-36,3,56,193,27.288579289675457,18.406379143415958,31.314802594361826
221,3,0.9075712110370514,1.0122909661567112,-41,-9,86,149,28.057575337831995,35.912058773284954,67.76892481017809
222,3,-0.22689280275926285,-0.05235987755982988,33,-3,88,47,85.62705575382319,-19.7685634732929,-19.79569278226012
223,3,0.8203047484373349,-0.5934119456780721,48,2,32,38,18.092872477207454,19.402230319024042,23.403318451813455
224,3,0.05235987755982988,0.29670597283903605,52,1,90,27,85.94947561778571,4.504421147670045,4.710236061864944
225,3,0.20943951023931953,-0.9424777960769379,8,-8,90,129,51.74466608489375,10.998668307768419,18.712052173598337
226,3,0.15707963267948966,0.05235987755982988,9,1,126,197,124.27817825443098,19.68372970738101,19.71074259506909
227,3,-0.8203047484373349,0.715584993317675,43,9,43,46,22.13255992952165,-23.734264741165113,-31.44820916962433
228,3,0.6108652381980153,-0.6457718232379019,33,5,63,152,41.21484637391236,28.858946117168554,36.1353154901159
229,3,-0.41887902047863906,-0.6806784082777885,-42,7,153,62,108.62359894118906,-48.3623421500673,-62.230706390597426
230,3,-0.7853981633974483,0.8028514559173915,-34,-8,95,17,46.66377621415763,-46.66377621415762,-67.175144212722
231,3,-0.08726646259971647,-1.064650843716541,7,9,73,176,35.256428448948974,-3.0845378056959114,-6.362369220579046
232,3,-0.6283185307179586,0.08726646259971647,29,19,124,21,99.93636661734283,-72.60802044183481,-72.88537128426667
233,3,0.7853981633974483,-0.9250245035569946,-19,-6,162,111,68.93869239030191,68.93869239030191,114.55129855222069
234,3,-0.9250245035569946,-0.8552113334772214,54,0,19,76,7.501697414699618,-9.955088707540344,-15.174074690898564
235,3,0.9599310885968813,0.4886921905584123,17,-5,60,114,30.38627602780547,43.39609954142607,49.14912265733951
236,3,0.4363323129985824,0.05235987755982988,8,12,0,32,0.0,0.0,0.0
237,3,0.767944870877505,0.29670597283903605,60,-10,39,162,26.828414816476748,25.90789903413938,27.091676447900895
238,3,0.8203047484373349,0.9948376736367678,1,1,34,62,12.629059576013189,13.543008326354126,24.866025855051795
239,3,0.017453292519943295,-0.03490658503988659,41,18,127,67,126.90330409934629,2.21510541265943,2.216455617535006
240,3,-0.715584993317675,-0.6457718232379019,46,3,182,196,109.69829243806012,-95.35927077749169,-119.4027432762723
241,3,-0.24434609527920614,0.6457718232379019,-1,1,5,175,3.874563111255694,-0.9660370824192428,-1.2096094779983386
242,3,0.8028514559173915,0.12217304763960307,1,-9,85,154,58.60584184588331,60.68812579662803,61.14388302878534
243,3,-0.9599310885968813,0.8552113334772214,5,2,124,38,46.661199985653546,-66.6390997517063,-101.57485349183499
244,3,-0.2792526803190927,0.8203047484373349,-2,0,19,39,12.455999104195762,-3.5717002681439793,-5.237109760522984
245,3,0.0,-0.9599310885968813,-3,4,145,163,83.16858327090169,0.0,0.0
246,3,0.9424777960769379,-0.715584993317675,-30,3,95,91,42.142680296784924,58.004423240691516,76.85661446562001
247,3,0.19198621771937624,-1.0122909661567112,6,4,158,106,82.1889384590161,15.975911265364468,30.14782126949408
248,3,0.9948376736367678,1.0471975511965976,-23,7,167,120,45.47735942375478,70.02899242344292,140.0579848468858
249,3,-0.3316125578789226,-0.4886921905584123,-26,4,140,196,116.87806904603455,-40.24434656052577,-45.57954162400193
250,3,0.5759586531581288,-0.6981317007977318,-8,18,73,42,46.89950175728814,30.45689255836291,39.75864955609698
251,3,0.4537856055185257,-0.13962634015954636,38,9,195,196,173.55917366289407,84.6504650399552,85.48237362387009
252,3,-0.890117918517108,-0.9424777960769379,-51,2,102,176,37.73033497225471,-46.593083372352346,-79.26888806861102
253,3,0.15707963267948966,-0.5410520681182421,-23,-7,63,197,53.33669137710162,8.447702012524761,9.855371297534544
254,3,-0.8552113334772214,-1.0122909661567112,41,15,140,53,48.67216451106807,-55.99092036459632,-105.65934123118808
255,3,-0.8552113334772214,-0.17453292519943295,45,-4,58,50,37.47333705464373,-43.10814306080654,-43.77315565292078
256,3,0.6632251157578452,0.9948376736367678,-6,1,199,18,85.40710186874006,66.72734109164159,122.51663358980598
257,3,-0.3839724354387525,-0.22689280275926285,-57,15,130,152,117.44462501746843,-47.450708590433,-48.69885714406856
258,3,0.7504915783575616,-0.9773843811168246,-1,-10,15,37,6.134516998087533,5.720529646884545,10.229975400937477
259,3,-0.767944870877505,-1.0471975511965976,44,9,13,37,4.675708702201234,-4.515279407983483,-9.030558815966964
260,3,-0.5061454830783556,0.6806784082777885,-10,15,152,141,103.31549032853712,-57.26871144438915,-73.69106227744324
261,3,-0.8726646259971648,0.6806784082777885,-49,13,165,66,82.42406616550818,-98.22917696896722,-126.39733311463137
262,3,0.13962634015954636,-0.5934119456780721,42,7,43,113,35.30168574319607,4.961328380750286,5.984443341282814
263,3,-0.6108652381980153,-0.47123889803846897,3,15,174,103,126.99734794288912,-88.92450036225233,-99.80229992508201
264,3,0.6108652381980153,-0.7330382858376184,-13,-7,2,68,1.217497205985187,0.8525007213800877,1.147152872702092
265,3,-0.5934119456780721,-0.767944870877505,44,17,75,49,44.72697914362378,-30.16872836500783,-41.939467760306016
266,3,0.6457718232379019,0.8552113334772214,27,0,138,22,72.30538113897724,54.48601280150248,83.05047319498266
267,3,-0.2617993877991494,0.4537856055185257,-13,13,139,118,120.6754050750953,-32.334877336170386,-35.97584726925038
268,3,0.4537856055185257,-0.29670597283903605,48,0,132,80,113.45677478614434,55.33656645678013,57.864991376158216
269,3,-0.767944870877505,-1.0297442586766543,-21,-2,105,172,38.901175527123186,-37.56642853334252,-72.93912889819471
270,3,0.5759586531581288,0.10471975511965977,-12,19,112,148,93.41653919613897,60.665409884205516,60.999571921683035
271,3,-1.0297442586766543,0.6632251157578452,-58,11,104,174,42.20897632078684,-70.24753326170436,-89.14539927301968
272,3,0.8028514559173915,0.5235987755982988,-50,-9,61,76,36.6970995419086,38.000959003836364,43.87972782065771
273,3,-0.13962634015954636,0.767944870877505,56,-2,179,141,127.50872303820422,-17.92018236762527,-24.911985071851714
274,3,-0.9075712110370514,0.20943951023931953,16,2,58,45,34.92805210733361,-44.70586802358549,-45.704623709189875
275,3,0.20943951023931953,0.2617993877991494,45,-6,126,150,119.04707171340534,25.304236240285984,26.196873043037673
276,3,0.08726646259971647,-1.0471975511965976,-47,17,40,80,19.923893961834914,1.7431148549531637,3.4862297099063264
277,3,-0.9948376736367678,-0.22689280275926285,-5,11,60,5,31.840798309929603,-49.030529737347166,-50.320234076725434
278,3,0.08726646259971647,-0.40142572795869574,39,7,179,66,164.14336776929022,14.36068387277943,15.600877951830812
279,3,-0.22689280275926285,-0.6283185307179586,32,19,114,122,89.86414129924802,-20.7467717488094,-25.64442019520061
280,3,0.20943951023931953,1.0471975511965976,-2,13,75,22,36.68053502751772,7.796688405665976,15.593376811331948
281,3,0.6283185307179586,0.29670597283903605,-39,-7,166,117,128.4286886963633,93.3089041538693,97.57235188055054
282,3,-1.0297442586766543,0.20943951023931953,34,12,167,150,84.13180396239125,-140.0188351477437,-143.14693921725274
283,3,0.9948376736367678,-0.10471975511965977,0,-4,148,84,80.16500591841444,123.44328393775504,124.12324405592274
284,3,0.5235987755982988,0.9075712110370514,-6,-3,153,8,81.57630709780425,47.09810286241285,76.49999999999999
285,3,0.6283185307179586,0.9948376736367678,44,2,147,16,64.77146856368796,47.059226512881615,86.40443208699355
286,3,0.8377580409572781,0.7330382858376184,-3,6,127,21,63.15214035588536,70.13755741749598,94.37939283562905
287,3,-0.5410520681182421,0.20943951023931953,29,15,110,89,92.22797524701681,-55.41615829858103,-56.65418824010596
288,3,0.4886921905584123,0.3141592653589793,41,6,43,0,36.10852165463091,19.19924152712,20.187277199793304
289,3,0.6457718232379019,-0.4886921905584123,-4,-10,52,68,36.667971660731766,27.6312985539989,31.29438120390651
290,3,0.3490658503988659,0.12217304763960307,-2,5,21,133,19.58645418422283,7.128886317875823,7.182423009839043
291,3,-0.5585053606381855,0.0,40,4,15,103,12.72072144234639,-7.948788963498074,-7.948788963498074
292,3,-0.6981317007977318,0.9075712110370514,38,8,154,114,72.63010401041046,-60.9438934875029,-98.98929189172705
293,3,0.8552113334772214,-0.8203047484373349,-23,12,147,17,65.772383735731,75.6624723172019,110.94230829274748
294,3,-0.6981317007977318,-0.5410520681182421,55,2,183,164,120.16296929728495,-100.82870321851861,-117.63013257263668
295,3,-0.4537856055185257,0.17453292519943295,47,15,156,195,138.08173784443477,-67.34696343253884,-68.38589889909608
296,3,0.715584993317675,-0.47123889803846897,-60,18,112,109,75.31452990274688,65.46992200932148,73.47861124693681
297,3,0.20943951023931953,-0.890117918517108,-1,17,193,149,118.80466850546397,25.25271184786818,40.12695632782755
298,3,0.08726646259971647,-0.8726646259971648,40,17,157,27,100.53363257670111,8.795553153541874,13.683451611382331
299,3,-0.3141592653589793,-0.3490658503988659,26,3,14,195,12.511811064380723,-4.065333850362101,-4.326237921249263
300,4,0.10471975511965977,-0.12217304763960307,-14,-6,72,84,71.07183935789854,7.469951324636932,7.526049355271049
301,4,-0.5410520681182421,-1.0297442586766543,4,19,177,39,78.14086196801506,-46.951766693448675,-91.16173925907958
302,4,-0.7504915783575616,-0.4886921905584123,35,9,63,148,40.68206039350609,-37.93663505210788,-42.9658966839374
303,4,-0.017453292519943295,0.24434609527920614,-30,7,156,25,151.34307950379568,-2.64170327917515,-2.722575404216228
304,4,-1.0471975511965976,0.05235987755982988,-16,3,6,157,2.995888604263722,-5.1890312764013755,-5.196152422706632
305,4,-0.3141592653589793,0.5235987755982988,34,17,94,14,77.42207573335521,-25.15595732900284,-29.047597471245055
306,4,0.4537856055185257,-0.5061454830783556,-8,-8,42,82,33.01632539321802,16.103137848967005,18.41158816514125
307,4,-0.05235987755982988,0.05235987755982988,-22,2,166,181,165.54531731556668,-8.675862451215238,-8.687768736328675
308,4,-0.6457718232379019,-0.9250245035569946,-23,0,110,124,52.86939327660754,-39.83994543006505,-66.1996525467253
309,4,-0.5235987755982988,-0.08726646259971647,-45,7,161,70,138.89951642171417,-80.1936731963855,-80.49999999999999
310,4,1.0471975511965976,0.9250245035569946,-30,1,116,129,34.905271342818814,60.4577034177401,100.45894683899488
311,4,0.2792526803190927,0.17453292519943295,60,2,151,23,142.94535359589176,40.98892055928318,41.62124072836687
312,4,0.3316125578789226,-0.2792526803190927,41,7,75,116,68.16680921413372,23.471714722274623,24.41761158428675
313,4,0.4537856055185257,0.17453292519943295,-59,-9,58,187,51.33808201908472,25.039255635174698,25.42552651376649
314,4,-0.7330382858376184,0.5585053606381855,-8,18,14,96,8.82311576180445,-7.944369115236745,-9.367828489024015
315,4,-0.3141592653589793,0.7504915783575616,-37,-9,144,27,100.16045332437507,-32.54410406870614,-44.498447189992426
316,4,-0.9075712110370514,-0.4886921905584123,56,8,65,42,35.33379314755977,-45.225192872860276,-51.22069898443693
317,4,-0.9250245035569946,-0.15707963267948966,39,1,167,6,99.26574882089928,-131.73009793704668,-133.3721301778979
318,4,0.40142572795869574,0.6632251157578452,53,3,3,130,2.1761031698031084,0.9237009930553126,1.1721933854678213
319,4,0.10471975511965977,0.6981317007977318,44,17,103,4,78.470341065223,8.24756518869707,10.766431716568306
320,4,-0.5061454830783556,0.3839724354387525,-8,12,26,139,21.084265054985075,-11.68719896320754,-12.605050126404764
321,4,0.6981317007977318,0.2617993877991494,-25,-1,15,7,11.09913167540772,9.313277295222683,9.641814145298088
322,4,0.03490658503988659,-0.767944870877505,52,-4,199,192,143.06141799567095,4.995814800989396,6.944999843797693
323,4,-0.41887902047863906,0.17453292519943295,-16,1,3,76,2.698999948246557,-1.2016721986056216,-1.2202099292274005
324,4,-1.064650843716541,-0.3316125578789226,-45,13,103,15,47.21483966193272,-85.17782550760991,-90.08582983535776
325,4,-0.4886921905584123,1.0122909661567112,13,6,195,107,91.23873305903498,-48.51249490033286,-91.5469547432487
326,4,0.08726646259971647,-0.19198621771937624,-18,5,179,7,175.04263142194003,15.314245883166441,15.600877951830812
327,4,-0.24434609527920614,0.8726646259971648,-32,7,122,88,76.09067661100552,-18.97153643440833,-29.514471263159464
328,4,0.6283185307179586,-0.6632251157578452,-18,17,179,19,114.1150223638305,82.90941683160571,105.21356016035269
329,4,-0.8552113334772214,-0.890117918517108,-31,6,8,24,3.302970597408662,-3.799633025238829,-6.037676641782176
330,4,-0.5585053606381855,0.6283185307179586,-48,16,158,149,108.40148085038317,-67.7367630849903,-83.72724374884638
331,4,-0.03490658503988659,0.8377580409572781,34,8,41,78,27.417642592983505,-0.9574451769967014,-1.4308793648025397
332,4,0.7504915783575616,0.41887902047863906,-31,1,189,151,126.27559703637182,117.75389924745691,128.89769005181222
333,4,-0.08726646259971647,-0.4886921905584123,-9,14,156,134,137.21568286903343,-12.00481670900876,-13.596295868634673
334,4,0.9424777960769379,0.6806784082777885,6,13,5,134,2.2839746751153114,3.143621449642737,4.045084971874737
335,4,1.0471975511965976,-0.9250245035569946,-48,-5,42,17,12.63811548619302,21.889858134009344,36.373066958946424
336,4,-0.8203047484373349,0.17453292519943295,54,10,179,41,120.22307178307763,-128.92346040322377,-130.91231258983152
337,4,0.2617993877991494,-0.5585053606381855,55,-1,169,101,138.43661330415765,37.09397873774865,43.740418622326004
338,4,0.2792526803190927,-0.017453292519943295,-31,4,179,10,172.03963711156328,49.331572109360536,49.33908669124285
339,4,0.7504915783575616,-0.4886921905584123,43,11,122,48,78.78113282551973,73.46459486281209,83.20379992762481
340,4,-0.7504915783575616,-0.6108652381980153,16,5,112,23,67.09806653532247,-62.56995929485678,-76.38381632699983
341,4,0.3839724354387525,0.29670597283903605,-38,13,139,166,123.2471758386358,49.79509129892594,52.07031648481177
342,4,0.8377580409572781,0.8552113334772214,-61,2,32,154,14.0476536280199,15.601499923264614,23.780634415276612
343,4,0.6806784082777885,0.8726646259971648,-27,16,39,146,19.482052002756475,15.776254645707004,24.543495250943657
344,4,0.3490658503988659,0.6981317007977318,9,5,101,125,72.70447734968837,26.46226565316788,34.54403447589254
345,4,0.5585053606381855,-0.5061454830783556,8,5,70,50,51.92037042503188,32.44344821838188,37.09434849632434
346,4,-0.4363323129985824,-0.6108652381980153,44,14,12,134,8.908846518073247,-4.15426335670505,-5.071419140888393
347,4,0.6632251157578452,-0.6283185307179586,-21,18,37,94,23.58802138246776,18.428982063855162,22.779474587049354
348,4,0.6981317007977318,0.3665191429188092,-11,-2,8,74,5.721312783382615,4.800751446386209,5.142300877492314
349,4,0.06981317007977318,-0.9250245035569946,52,8,111,63,66.63874255230716,4.659834818607189,7.742968585597908
350,4,-0.06981317007977318,0.19198621771937624,2,8,195,72,190.95101784821307,-13.352595915493897,-13.602512380104434
351,4,0.6283185307179586,-1.064650843716541,19,-9,142,135,55.69512949783669,40.46488018294421,83.46550582553118
352,4,-0.41887902047863906,-0.10471975511965977,-27,9,94,71,85.40285024374083,-38.02379873562252,-38.233244449125216
353,4,-0.08726646259971647,0.3316125578789226,-4,4,184,45,173.31338892051096,-15.162956767804188,-16.0366566655691
354,4,0.9250245035569946,-0.715584993317675,-21,-7,60,96,27.251733809690418,36.16427223232751,47.91813060283757
355,4,0.15707963267948966,-0.8203047484373349,37,-6,182,104,122.59553279404966,19.41722484787389,28.471072637322017
356,4,-0.8377580409572781,0.890117918517108,-20,0,13,121,5.4742679531432294,-6.07979049828926,-9.660882731206124
357,4,-0.20943951023931953,-1.064650843716541,6,-9,82,69,38.88566008224301,-8.265402205350803,-17.048758647056264
358,4,-0.5061454830783556,0.4537856055185257,-6,5,11,110,8.64713284108091,-4.7931840029256465,-5.332905822709708
359,4,0.08726646259971647,-0.06981317007977318,-60,-9,119,54,118.25839412721598,10.346268852912104,10.371533386971322
360,4,0.4886921905584123,0.7330382858376184,-10,19,92,16,60.3665300016766,32.09745335856707,43.191383776301954
361,4,-0.6108652381980153,0.8028514559173915,22,-9,26,179,14.794801430342636,-10.359431487841709,-14.912987345127197
362,4,-0.8028514559173915,0.6457718232379019,6,-2,73,188,40.49885546601041,-41.937792508876676,-52.51180542472153
363,4,0.13962634015954636,0.22689280275926285,-26,8,4,130,3.859550249177895,0.5424244135952841,0.5566924038402618
364,4,-0.4363323129985824,0.20943951023931953,17,-7,111,107,98.4018094032053,-45.88551730102319,-46.91062705321764
365,4,0.7504915783575616,-0.6632251157578452,-57,2,171,147,98.549793447784,91.89916912580905,116.62171957068723
366,4,-0.08726646259971647,0.06981317007977318,-38,9,92,57,91.42665764457033,-7.998796087965661,-8.01832833278455
367,4,0.12217304763960307,-0.4886921905584123,14,13,158,140,138.4658651921093,17.00147045765392,19.2553562580133
368,4,-0.7330382858376184,-0.03490658503988659,-58,-8,154,12,114.37458674623745,-102.98334047120633,-103.04611337926417
369,4,-0.05235987755982988,-0.19198621771937624,-36,11,88,113,86.26480698077293,-4.5209469641424995,-4.605564149379057
370,4,-0.6457718232379019,0.20943951023931953,25,13,180,166,140.61301344244416,-105.95950577671243,-108.32670416736869
371,4,-0.9773843811168246,-0.7853981633974483,6,4,53,12,20.956681983884657,-31.069558738841536,-43.938991345417215
372,4,0.9075712110370514,0.15707963267948966,-1,0,194,41,117.96784222095424,150.99195251858376,152.87408619970407
373,4,0.7504915783575616,0.9075712110370514,33,0,110,182,49.52929288161138,46.18681281783331,75.01981960687483
374,4,0.2792526803190927,-0.41887902047863906,24,2,163,134,143.1394697166347,41.04458246120762,44.92888899817086
375,4,-0.3490658503988659,0.8726646259971648,-58,17,55,156,33.22125254552796,-12.091547071612482,-18.81110788291178
376,4,-0.5410520681182421,-0.22689280275926285,-46,10,36,166,30.067133699408483,-18.066156567011003,-18.54137069676195
377,4,-0.19198621771937624,-0.2792526803190927,-42,1,23,87,21.702814056221307,-4.218599705406719,-4.388606893660531
378,4,-0.22689280275926285,-0.12217304763960307,1,-8,73,27,70.59882983962763,-16.299024140656257,-16.421426967102146
379,4,0.5061454830783556,-0.17453292519943295,-27,16,89,34,76.6585718990048,42.49254027506124,43.148056201924
380,4,-0.20943951023931953,-0.3839724354387525,-43,15,109,16,98.85457024341513,-21.012187556307996,-22.662374299135767
381,4,0.19198621771937624,-1.064650843716541,-52,0,123,125,58.53598314978145,11.378242500334798,23.46950643131501
382,4,0.5061454830783556,0.8028514559173915,59,4,143,60,86.88135177618727,48.159119691992714,69.3277756952262
383,4,0.5235987755982988,0.890117918517108,-50,3,131,118,71.39597539570184,41.220485613764346,65.49999999999999
384,4,0.05235987755982988,0.5759586531581288,-61,18,158,195,132.32834945459152,6.935034931105377,8.269081086385125
385,4,-0.41887902047863906,0.2617993877991494,-29,-9,142,26,125.30323544569971,-55.788594782394846,-57.75660331676362
386,4,-0.9250245035569946,0.715584993317675,41,2,4,36,1.8167822539793612,-2.4109514821551676,-3.1945420401891713
387,4,-0.40142572795869574,0.6457718232379019,49,5,147,124,108.06673588128575,-45.871607851580656,-57.437475887923235
388,4,-1.0122909661567112,0.3665191429188092,-15,-6,148,150,73.21889340136399,-117.1747232883787,-125.51111823115104
389,4,0.5061454830783556,-0.2617993877991494,37,-3,159,64,134.32602436586447,74.45813115166388,77.08472961916759
390,4,-0.9424777960769379,0.19198621771937624,45,-6,50,46,28.84929908399675,-39.70765367747872,-40.45084971874737
391,4,0.3141592653589793,-0.41887902047863906,3,18,9,86,7.8195002438055035,2.540709643910421,2.7811529493745266
392,4,0.47123889803846897,-0.6283185307179586,0,3,55,48,39.64616810920383,20.200731626573766,24.96947748567507
393,4,0.4363323129985824,-0.6108652381980153,-38,13,38,93,28.21134730723195,13.155167296232657,16.059493946146578
394,4,-0.06981317007977318,0.9599310885968813,24,8,122,34,69.8058664235534,-4.881301693953626,-8.510289796783287
395,4,0.06981317007977318,-0.15707963267948966,-11,19,1,124,0.9852823814384903,0.06889765579810342,0.0697564737441253
396,4,-0.8377580409572781,0.715584993317675,28,-1,130,18,65.64990627510937,-72.91160750650002,-96.60882731206124
397,4,-0.40142572795869574,-0.19198621771937624,-59,2,60,125,54.21555519866543,-23.013137828655182,-23.44386770935642
398,4,-0.8203047484373349,0.3490658503988659,-20,14,2,23,1.2817376526776416,-1.3744953531919872,-1.462707403238341
399,4,0.10471975511965977,-0.20943951023931953,42,14,132,134,128.40817516978618,13.4962430530814,13.797757151330256
400,5,-0.6632251157578452,0.7504915783575616,42,8,58,25,33.426245730827326,-26.115445337576908,-35.708365568888176
401,5,0.29670597283903605,0.15707963267948966,-52,6,146,44,137.90153439797382,42.16073008568743,42.68626888951957
402,5,1.0122909661567112,0.29670597283903605,21,11,106,94,53.71701714224051,85.9651973298175,89.89309819258115
403,5,0.8028514559173915,-0.6283185307179586,-9,17,157,23,88.23249703682349,91.3674253430673,112.93634865316822
404,5,0.8552113334772214,0.017453292519943295,-3,17,196,64,128.56798517244897,147.9005483224445,147.9230777236633
405,5,0.8552113334772214,0.9075712110370514,-1,-9,148,156,59.77871991397415,68.7675508131493,111.69701787297026
406,5,0.2792526803190927,0.5410520681182421,16,-4,147,92,121.12242769684018,34.73129725397376,40.518691305098876
407,5,-0.12217304763960307,0.3141592653589793,-6,17,22,70,20.76728467532745,-2.5499019300057006,-2.6811255549132444
408,5,-0.6632251157578452,-0.6108652381980153,-57,2,36,169,23.238022310591592,-18.155532819707624,-22.163813111723695
409,5,-0.8726646259971648,0.22689280275926285,-41,18,87,67,54.489231425727525,-64.9377373093081,-66.64586655135109
410,5,-0.767944870877505,-0.7853981633974483,41,8,6,60,3.0519003047810247,-2.9471858661573234,-4.1679502227539835
411,5,-0.7330382858376184,0.29670597283903605,26,-4,190,30,135.02785688493688,-121.57962843206711,-127.13481520818307
412,5,-0.9424777960769379,-0.8726646259971648,-12,-5,38,156,14.357200938542974,-19.760991800382314,-30.742645786248005
413,5,0.05235987755982988,-0.05235987755982988,-40,0,142,118,141.6110545711474,7.421520892003396,7.431705786498023
414,5,0.22689280275926285,0.13962634015954636,-47,11,100,35,96.48875622944736,22.276184614647924,22.4951054343865
415,5,-0.8203047484373349,-0.24434609527920614,17,-3,104,15,68.82096978597157,-73.80145459202998,-76.06078496839373
416,5,-1.0471975511965976,-0.9424777960769379,37,18,60,154,17.633557568774197,-30.54221762730763,-51.96152422706631
417,5,0.9948376736367678,0.3665191429188092,-34,16,2,143,1.016928685192707,1.5659328530262786,1.6773411358908479
418,5,0.715584993317675,-1.0471975511965976,48,-9,131,93,49.433477504591586,42.97186639887823,85.94373279775644
419,5,-0.05235987755982988,-0.4886921905584123,50,-8,182,141,160.47623298422738,-8.410202998411284,-9.525144036215776
420,5,0.9599310885968813,-0.08726646259971647,19,0,78,124,44.568716777775045,63.65072402923325,63.893859454541364
421,5,0.05235987755982988,-0.7853981633974483,-27,-8,99,121,69.9076338758945,3.6637038463675333,5.181259668051439
422,5,-0.9075712110370514,0.4886921905584123,16,18,52,167,28.26703451804781,-36.180154298288215,-40.97655918754955
423,5,0.12217304763960307,0.5235987755982988,-40,-4,133,47,114.32283417273226,14.037078995074507,16.208622672884616
424,5,0.22689280275926285,-0.29670597283903605,-43,14,41,65,38.20358380790739,8.819992288245432,9.222993228098465
425,5,-0.017453292519943295,0.06981317007977318,-57,19,51,134,50.86801793758114,-0.8879045558702156,-0.8900727283014591
426,5,0.5934119456780721,-0.22689280275926285,-59,-4,129,77,104.20483173310066,70.28704650010837,72.13588454772635
427,5,0.3665191429188092,-0.9948376736367678,-55,11,49,44,24.91475278722132,9.56387753681265,17.560029527719713
428,5,-0.7504915783575616,-0.3316125578789226,-59,-9,1,53,0.691508510214246,-0.6448421179673636,-0.6819983600624985
429,5,-0.715584993317675,-0.47123889803846897,44,13,198,30,133.14532964949896,-115.74146926647903,-129.8996877401204
430,5,-0.3665191429188092,-0.7853981633974483,-48,-9,55,69,36.30775776975603,-13.937242400587019,-19.710237224991516
431,5,-0.8377580409572781,-0.17453292519943295,-20,2,133,89,87.64234618635514,-97.33668650355858,-98.83826178849343
432,5,-0.10471975511965977,0.41887902047863906,37,7,10,35,9.085409600397961,-0.9549150281252627,-1.0452846326765346
433,5,0.12217304763960307,0.19198621771937624,45,15,135,2,131.53188824246098,16.15008514258049,16.45236135969491
434,5,0.5410520681182421,1.0471975511965976,-20,3,43,10,18.429096965095418,11.073318610566167,22.14663722113233
435,5,-0.2617993877991494,-0.6806784082777885,1,5,112,85,84.07451975636415,-22.52769967275224,-28.987733051482323
436,5,0.8203047484373349,0.2617993877991494,45,3,119,19,78.39241970706784,84.06557799698186,87.03109049268129
437,5,0.9424777960769379,0.5235987755982988,53,13,21,78,10.689776169557671,14.713214653662773,16.989356881873896
438,5,1.0122909661567112,-0.2792526803190927,-46,7,99,120,50.429717974072474,80.70441896371027,83.95676151948616
439,5,1.0471975511965976,0.7504915783575616,39,9,179,60,65.45615629491579,113.37338837096351,155.0185472774145
440,5,0.715584993317675,-0.2792526803190927,-33,12,34,2,24.666095974878516,21.441910104664096,22.306006985677243
441,5,-0.017453292519943295,0.06981317007977318,43,7,155,50,154.59887804558974,-2.698533454115361,-2.705122997778944
442,5,-0.5235987755982988,0.9773843811168246,-29,12,3,106,1.4528257800649385,-0.8387893552061201,-1.4999999999999998
443,5,0.9773843811168246,0.4886921905584123,-15,10,133,22,65.66715773241759,97.35556496725192,110.26199714982054
444,5,-0.03490658503988659,-0.9948376736367678,-51,14,84,95,45.72180947296622,-1.5966407693510611,-2.9315577230100813
445,5,-0.3490658503988659,-0.8377580409572781,-13,14,119,164,74.82447408335292,-27.23388136096335,-40.70039705575458
446,5,-0.3316125578789226,0.40142572795869574,-49,5,103,70,89.64650710046675,-30.867767829658742,-33.53351990908713
447,5,0.6108652381980153,-0.9948376736367678,-61,11,119,177,53.09091929292506,37.174661899389434,68.25559592577449
448,5,-0.9424777960769379,-0.5061454830783556,50,18,121,4,62.20471639172874,-85.61744700961229,-97.89105631936864
449,5,0.7504915783575616,-1.0297442586766543,-37,0,33,172,12.430275084489239,11.591419041127311,22.50594588206245
450,5,-0.9250245035569946,0.9599310885968813,59,10,87,158,30.031261720020456,-39.85283035228039,-69.48128937411448
451,5,0.4537856055185257,0.6108652381980153,-51,-6,154,97,113.38234298479355,55.300263641635695,67.50915660551792
452,5,-0.3141592653589793,0.5934119456780721,-16,-6,107,85,84.36538966262276,-27.411976781750163,-33.06481839811937
453,5,-0.13962634015954636,-0.08726646259971647,32,11,74,57,73.00098518297294,-10.259619391711928,-10.298809471044843
454,5,0.5235987755982988,0.9599310885968813,25,-2,54,76,26.823515304176325,15.486563781478244,26.999999999999996
455,5,-0.5585053606381855,0.3316125578789226,-32,-9,149,55,119.47493895971292,-74.65622767716226,-78.95797037074753
456,5,0.6981317007977318,0.5235987755982988,-42,-10,177,34,117.42426882590209,98.53066066307622,113.77340691451745
457,5,-0.6632251157578452,-0.29670597283903605,2,-7,77,27,58.025539219657546,-45.33451976262024,-47.40593360007568
458,5,0.6283185307179586,0.17453292519943295,60,12,35,56,27.885417293267878,20.25994157473525,20.57248383023656
459,5,-0.41887902047863906,0.9250245035569946,-33,-9,103,99,56.62789421638794,-25.21236289375326,-41.89387423680741
460,5,0.8203047484373349,0.4886921905584123,-18,10,147,5,88.51881512158508,94.92480758484754,107.50899413801805
461,5,-0.5235987755982988,0.29670597283903605,-53,5,90,15,74.53657911814803,-43.03371401833659,-44.99999999999999
462,5,-0.3141592653589793,-0.13962634015954636,30,6,71,132,66.86786387555382,-21.726686018188275,-21.940206600621266
463,5,-0.10471975511965977,-0.6806784082777885,-10,15,16,46,12.366218793055772,-1.2997419693721635,-1.6724554122824553
464,5,-1.0471975511965976,0.9250245035569946,47,1,37,160,11.133577928312897,-19.283922641865377,-32.042939940024226
465,5,0.29670597283903605,0.22689280275926285,-12,16,149,175,138.8374143262976,42.44685729393734,43.56338400368778
466,5,0.3141592653589793,-1.0471975511965976,-9,9,159,145,75.60899304546471,24.56685105280832,49.133702105616635
467,5,-0.3839724354387525,-0.2792526803190927,-15,-1,71,74,63.27990903861234,-25.566742820062565,-26.597068132529753
468,5,-0.6981317007977318,0.20943951023931953,-20,15,120,184,89.91654409107511,-75.44893898355676,-77.1345131623847
469,5,0.47123889803846897,0.5934119456780721,-10,9,21,91,15.51223560482042,7.9038788192096066,9.533800494530482
470,5,0.41887902047863906,-0.24434609527920614,38,-3,73,199,64.70787549159094,28.80980233422948,29.69177494453341
471,5,0.9599310885968813,-0.08726646259971647,-42,1,74,13,42.283141558401965,60.38658433542642,60.61725127738539
472,5,-0.22689280275926285,-0.19198621771937624,-24,-5,175,95,167.38192490789848,-38.643162230601355,-39.366434510176376
473,5,0.3141592653589793,-0.6632251157578452,44,-6,125,50,93.68034526604096,30.43858932683581,38.62712429686842
474,5,0.3316125578789226,-0.9250245035569946,4,1,106,134,60.316892047289436,20.76877147969356,34.5102243724586
475,5,-0.7330382858376184,-0.017453292519943295,-49,11,34,105,25.26307579131302,-22.7469756139011,-22.750440616201182
476,5,-0.22689280275926285,0.47123889803846897,-19,5,180,194,156.27061524554773,-36.07791426781845,-40.4911897818957
477,5,0.10471975511965977,-0.767944870877505,-49,19,25,112,17.88497954116577,1.879787097416497,2.6132115816913366
478,5,0.19198621771937624,0.9948376736367678,-50,13,82,85,43.83986351887129,8.521606223353588,15.646337620876674
479,5,-0.5759586531581288,-0.767944870877505,23,5,97,3,58.519044532889154,-38.002711866321484,-52.82998639645763
480,5,-0.3141592653589793,-0.5585053606381855,-12,13,163,56,131.46629188094667,-42.71598762282379,-50.36977008311643
481,5,-0.9773843811168246,-0.41887902047863906,30,12,73,21,37.2919139945525,-55.28753612945758,-60.519742796518045
482,5,-0.40142572795869574,0.5410520681182421,49,2,29,154,22.88177315499363,-9.712736454515788,-11.331202726188938
483,5,-0.4363323129985824,-0.3141592653589793,31,3,24,62,20.686798239125906,-9.646412441611751,-10.142838281776786
484,5,0.8726646259971648,0.47123889803846897,27,13,39,164,22.336390202027953,26.619473268852925,29.87573328164014
485,5,0.890117918517108,0.06981317007977318,34,15,76,114,47.71184226371469,58.919218344510156,59.06309307072978
486,5,0.5934119456780721,-0.5759586531581288,49,8,128,42,88.99704471332255,60.029264632942336,71.5766916442556
487,5,0.5235987755982988,-0.5235987755982988,49,6,17,113,12.750000000000002,7.361215932167728,8.499999999999998
488,5,-0.3665191429188092,-0.017453292519943295,40,-10,70,188,65.34067663734434,-25.081935785955324,-25.08575646817102
489,5,-0.6806784082777885,-0.22689280275926285,16,2,23,133,17.41623849868549,-14.103391854551692,-14.47436899414626
490,5,0.3141592653589793,0.03490658503988659,58,-10,175,151,166.33350271336988,54.045031174983436,54.077974015615794
491,5,-0.9599310885968813,0.3665191429188092,52,12,172,60,92.10251426130502,-131.5360221582199,-140.8941516177066
492,5,-0.08726646259971647,0.29670597283903605,-29,17,196,136,186.7224826194581,-16.33610045461896,-17.082525578541002
493,5,-0.7330382858376184,0.47123889803846897,37,-9,158,141,104.61920829091511,-94.19955825637808,-105.7226358046996
494,5,-0.4537856055185257,-0.9424777960769379,36,-6,158,124,83.47106587154273,-40.71155902787906,-69.26264119267422
495,5,0.4886921905584123,-0.08726646259971647,-51,5,16,154,14.073403371182916,7.482961308034407,7.511545004574253
496,5,-1.0471975511965976,0.3839724354387525,-49,19,89,79,41.259681528222046,-71.46386471099167,-77.07626093681503
497,5,-0.8028514559173915,-0.5410520681182421,-60,4,30,158,17.863153209494,-18.49783664831634,-21.58019401015953
498,5,0.9773843811168246,0.5235987755982988,-7,6,10,102,4.842752600216461,7.17967598524451,8.290375725550417
499,5,-0.06981317007977318,-0.4363323129985824,-54,-5,3,1,2.712300200454896,-0.18966250605155513,-0.2092694212323759
